INSERT INTO user_table (user_id, user_username, user_first_name, user_last_name, user_email, user_job_title, user_phone_number, user_active_team_id) VALUES
('48ae7bbd-1510-4615-bdcb-973b3863fe40', 'johndoe', 'John', 'Doe', 'johndoe@gmail.com', 'Graphic Designer', '9586325781', 'a5a28977-6956-45c1-a624-b9e90911502e'),
('84a8ede4-6d92-4a78-8c5b-a28a81cf1023', 'janedoe', 'Jane', 'Doe', 'janedoe@gmail.com', 'Sales Management', '9563268975', 'a5a28977-6956-45c1-a624-b9e90911502e'),
('0edb0b35-481b-439c-8af6-863caf0680f7', 'loremipsum', 'Lorem', 'Ipsum', 'loremipsum@gmail.com', 'Software Engineer', '9571523487', 'a5a28977-6956-45c1-a624-b9e90911502e'),
('abc84276-1ca3-4b34-91f3-2aed10d557bf', 'dolorsit', 'Dolor', 'Sit', 'dolorsit@gmail.com', 'Data Entry Clerk', '9856325789', 'a5a28977-6956-45c1-a624-b9e90911502e'),

('71dfd658-3bd1-44c0-97e2-d69c4f040190', 'lacyfrancis', 'Lacy', 'Francis', 'lacyfrancis@gmail.com', 'Test User', '9856325789', 'a5a28977-6956-45c1-a624-b9e90911502e'),
('077dd853-2ec0-491f-a386-e5cf52f06f45', 'armandwest', 'Armand', 'West', 'armandwest@gmail.com', 'Test User', '9856325789', 'a5a28977-6956-45c1-a624-b9e90911502e'),
('5418c77a-b792-4b09-8718-251351cb35f4', 'marlonpace', 'Marlon', 'Pace', 'marlonpace@gmail.com', 'Test User', '9856325789', 'a5a28977-6956-45c1-a624-b9e90911502e'),
('1122d9ad-1593-4641-9ef7-dae7befc3923', 'allysonatkins', 'Allyson', 'Atkins', 'allysonatkins@gmail.com', 'Test User', '9856325789', 'a5a28977-6956-45c1-a624-b9e90911502e'),
('0b66ea46-7180-4b0d-904a-f84a26ccc8e1', 'willievasquez', 'Willie', 'Vazquez', 'willievasquez@gmail.com', 'Test User', '9856325789', 'a5a28977-6956-45c1-a624-b9e90911502e'),
('c959eea5-f050-4c80-b57d-8248950564ea', 'walkercollier', 'Walker', 'Collier', 'walkercollier@gmail.com', 'Test User', '9856325789', 'a5a28977-6956-45c1-a624-b9e90911502e'),
('0f2444b6-09c3-4d2e-9af9-e0b717d3c775', 'jeramyvillanueva', 'Jeramy', 'Villanueva', 'jeramyvillanueva@gmail.com', 'Test User', '9856325789', 'a5a28977-6956-45c1-a624-b9e90911502e'),
('47eb79f1-2504-47f9-a038-699b6c4a3a81', 'darenmendex', 'Daren', 'Mendez', 'darenmendex@gmail.com', 'Test User', '9856325789', 'a5a28977-6956-45c1-a624-b9e90911502e'),
('033833d0-4ba3-4755-97c0-3ad4cf82acbc', 'linosullivan', 'Lino ', 'Sullivan', 'linosullivan@gmail.com', 'Test User', '9856325789', 'a5a28977-6956-45c1-a624-b9e90911502e'),
('1f5f1819-128f-458d-b9c7-fe7bd2f539df', 'guykoch', 'Guy', 'Koch', 'guykoch@gmail.com', 'Test User', '9856325789', 'a5a28977-6956-45c1-a624-b9e90911502e'),
('007740ff-c688-4878-8888-59d6d3f1e680', 'efrainarcher', 'Efrain', 'Archer', 'efrainarcher@gmail.com', 'Test User', '9856325789', 'a5a28977-6956-45c1-a624-b9e90911502e'),
('0bef2824-2c3a-4e6a-a4b8-06a5e9b8c0ac', 'normancuevas', 'Norman', 'Cuevas', 'normancuevas@gmail.com', 'Test User', '9856325789', 'a5a28977-6956-45c1-a624-b9e90911502e'),
('6536af6c-352e-43c2-accd-6124c26597dc', 'daltonhodge', 'Dalton', 'Hodge', 'daltonhodge@gmail.com', 'Test User', '9856325789', 'a5a28977-6956-45c1-a624-b9e90911502e'),
('106c7713-a638-457e-a0d8-300d7700e7a5', 'jacquelynwarner', 'Jacquelyn', 'Warner', 'jacquelynwarner@gmail.com', 'Test User', '9856325789', 'a5a28977-6956-45c1-a624-b9e90911502e'),
('34d5fca4-4e09-465c-8000-ee595976e5f5', 'trentonoliver', 'Trenton', 'Oliver', 'trentonoliver@gmail.com', 'Test User', '9856325789', 'a5a28977-6956-45c1-a624-b9e90911502e'),
('0f99ec3d-737f-4c0d-aad4-06a6bda3d733', 'israelpierce', 'Isreal', 'Pierce', 'israelpierce@gmail.com', 'Test User', '9856325789', 'a5a28977-6956-45c1-a624-b9e90911502e'),
('9053c57f-3982-405b-90ca-3d0ce9ca0a5d', 'lacyglass', 'Lacy', 'Glass', 'lacyglass@gmail.com', 'Test User', '9856325789', 'a5a28977-6956-45c1-a624-b9e90911502e'),
('6c35707a-0da8-459c-8679-d23167027a8a', 'abrahamstark', 'Abraham', 'Stark', 'abrahamstark@gmail.com', 'Test User', '9856325789', 'a5a28977-6956-45c1-a624-b9e90911502e'),
('de3b4e7a-5203-4c4b-97a9-9f7fa3b14b64', 'phoebewhitehead', 'Phoebe', 'Whitehead', 'phoebewhitehead@gmail.com', 'Test User', '9856325789', 'a5a28977-6956-45c1-a624-b9e90911502e'),
('e45676a5-361e-4d6f-a773-d69f9815fea1', 'laurelpatrick', 'Laurel', 'Patrick', 'laurelpatrick@gmail.com', 'Test User', '9856325789', 'a5a28977-6956-45c1-a624-b9e90911502e');

INSERT INTO team_table (team_id, team_name, team_user_id) VALUES
('a5a28977-6956-45c1-a624-b9e90911502e', 'Sta Clara', '48ae7bbd-1510-4615-bdcb-973b3863fe40'),
('285cf257-07fb-40bb-befe-aecff5eb0ea6', 'Dodeca', '48ae7bbd-1510-4615-bdcb-973b3863fe40'),
('7d653b33-d60f-4d39-a559-c56711eeb44c', 'Developers', '48ae7bbd-1510-4615-bdcb-973b3863fe40');

INSERT INTO team_member_table (team_member_id, team_member_role, team_member_team_id, team_member_user_id) VALUES
('eb4d3419-b70f-44ba-b88f-c3d983cbcf3b', 'OWNER', 'a5a28977-6956-45c1-a624-b9e90911502e', '48ae7bbd-1510-4615-bdcb-973b3863fe40'),
('d9c6c738-8a60-43de-965f-f1f666da1639', 'APPROVER', 'a5a28977-6956-45c1-a624-b9e90911502e', '84a8ede4-6d92-4a78-8c5b-a28a81cf1023'),
('1e9bb9c7-e4e6-42e4-9377-a33f9b645343', 'APPROVER', 'a5a28977-6956-45c1-a624-b9e90911502e', '0edb0b35-481b-439c-8af6-863caf0680f7'),
('390dbc5f-c3ba-4f86-81ca-7cc9746b6e31', 'MEMBER', 'a5a28977-6956-45c1-a624-b9e90911502e', 'abc84276-1ca3-4b34-91f3-2aed10d557bf'),
('cb06905e-e64b-4bfe-9f03-ee36dba0c809', 'OWNER', '285cf257-07fb-40bb-befe-aecff5eb0ea6', '48ae7bbd-1510-4615-bdcb-973b3863fe40'),
('a77b9169-705a-4e3c-a3f3-fef15f18423f', 'OWNER', '7d653b33-d60f-4d39-a559-c56711eeb44c', '48ae7bbd-1510-4615-bdcb-973b3863fe40'),

('be8b542b-0168-4523-9703-f90527fdd333', 'MEMBER', 'a5a28977-6956-45c1-a624-b9e90911502e', '71dfd658-3bd1-44c0-97e2-d69c4f040190'),
('1416e54d-d5a4-41ea-abfe-f2ef1a2a9757', 'MEMBER', 'a5a28977-6956-45c1-a624-b9e90911502e', '077dd853-2ec0-491f-a386-e5cf52f06f45'),
('1831b8cf-40a9-4462-8399-2dc165170ed6', 'MEMBER', 'a5a28977-6956-45c1-a624-b9e90911502e', '5418c77a-b792-4b09-8718-251351cb35f4'),
('4cee27c5-6c91-4d3b-a2e5-ac4e11579759', 'APPROVER', 'a5a28977-6956-45c1-a624-b9e90911502e', '1122d9ad-1593-4641-9ef7-dae7befc3923'),
('08da2098-a7f3-4078-9501-2f3960edaf60', 'MEMBER', 'a5a28977-6956-45c1-a624-b9e90911502e', '0b66ea46-7180-4b0d-904a-f84a26ccc8e1'),
('e00a4fe6-e9d7-4d53-897f-35c60c03f1f0', 'MEMBER', 'a5a28977-6956-45c1-a624-b9e90911502e', 'c959eea5-f050-4c80-b57d-8248950564ea'),
('e245d73d-f47c-4094-a75e-111cb50f30c9', 'MEMBER', 'a5a28977-6956-45c1-a624-b9e90911502e', '0f2444b6-09c3-4d2e-9af9-e0b717d3c775'),
('e299f357-374a-414c-8062-b6b84d4dd279', 'APPROVER', 'a5a28977-6956-45c1-a624-b9e90911502e', '47eb79f1-2504-47f9-a038-699b6c4a3a81'),
('b14e1a52-0d1e-4170-b0a6-75c418d80cd4', 'MEMBER', 'a5a28977-6956-45c1-a624-b9e90911502e', '033833d0-4ba3-4755-97c0-3ad4cf82acbc'),
('2012e290-d92d-44bd-9672-6f84fd8e9919', 'MEMBER', 'a5a28977-6956-45c1-a624-b9e90911502e', '1f5f1819-128f-458d-b9c7-fe7bd2f539df'),
('9f6bf572-d829-4379-a9b7-afb38223e177', 'MEMBER', 'a5a28977-6956-45c1-a624-b9e90911502e', '007740ff-c688-4878-8888-59d6d3f1e680'),
('70ac8036-5b2f-4b1b-a9ef-e1d72f2850b2', 'APPROVER', 'a5a28977-6956-45c1-a624-b9e90911502e', '0bef2824-2c3a-4e6a-a4b8-06a5e9b8c0ac'),
('bbb47a79-b122-4648-9187-7301df6afc4c', 'MEMBER', 'a5a28977-6956-45c1-a624-b9e90911502e', '6536af6c-352e-43c2-accd-6124c26597dc'),
('19a61839-9fc1-4c50-ba19-ee020e3762fb', 'APPROVER', 'a5a28977-6956-45c1-a624-b9e90911502e', '106c7713-a638-457e-a0d8-300d7700e7a5'),
('42afe5d8-f945-43ed-9c87-1d0b07414e5c', 'MEMBER', 'a5a28977-6956-45c1-a624-b9e90911502e', '34d5fca4-4e09-465c-8000-ee595976e5f5'),
('5b18e1b1-d781-4e7f-ad14-2ef437298ebc', 'MEMBER', 'a5a28977-6956-45c1-a624-b9e90911502e', '0f99ec3d-737f-4c0d-aad4-06a6bda3d733'),
('58c2cbb4-cc80-4632-b210-81723e4f7851', 'MEMBER', 'a5a28977-6956-45c1-a624-b9e90911502e', '9053c57f-3982-405b-90ca-3d0ce9ca0a5d'),
('971c53b1-0c7d-4398-a4c4-cd3f1fe2d02e', 'MEMBER', 'a5a28977-6956-45c1-a624-b9e90911502e', '6c35707a-0da8-459c-8679-d23167027a8a'),
('46b33619-519e-4722-b1f7-170da8565e79', 'MEMBER', 'a5a28977-6956-45c1-a624-b9e90911502e', 'de3b4e7a-5203-4c4b-97a9-9f7fa3b14b64'),
('aa165aa0-c210-4486-b075-c8eb4c2e2233', 'MEMBER', 'a5a28977-6956-45c1-a624-b9e90911502e', 'e45676a5-361e-4d6f-a773-d69f9815fea1');

INSERT INTO team_group_table (team_group_id, team_group_name, team_group_team_id) VALUES
('9f7de2eb-4073-43e6-b662-d688ccba4b26', 'REQUESTER', 'a5a28977-6956-45c1-a624-b9e90911502e'), -- Requisition 
('51277fb9-7f1f-4c80-a122-c3fea3cf3ed7', 'PURCHASER', 'a5a28977-6956-45c1-a624-b9e90911502e'), -- Quotation
('72ef0fd8-72ef-487d-9b88-ee61ddc3f275', 'WAREHOUSE', 'a5a28977-6956-45c1-a624-b9e90911502e'); -- Sourced Item , Release Order , Transfer Receipt, Receiving Inspecting Report

INSERT INTO team_project_table (team_project_id, team_project_name, team_project_team_id, team_project_code) VALUES
('4b3a151a-a077-486c-9dfb-e996c2c9184c', 'PHILIP MORRIS', 'a5a28977-6956-45c1-a624-b9e90911502e', 'PM1'),
('bf4dc226-a763-49da-be9f-606202d2c4c9', 'SIGUIL HYDRO', 'a5a28977-6956-45c1-a624-b9e90911502e','SH1'),
('989dbcc2-fdfe-48c7-806a-98cf80e1bf42', 'LAKE MAINIT', 'a5a28977-6956-45c1-a624-b9e90911502e', 'LM1');

INSERT INTO team_group_member_table (team_member_id, team_group_id) VALUES
('eb4d3419-b70f-44ba-b88f-c3d983cbcf3b', '9f7de2eb-4073-43e6-b662-d688ccba4b26'),
('eb4d3419-b70f-44ba-b88f-c3d983cbcf3b', '51277fb9-7f1f-4c80-a122-c3fea3cf3ed7'),
('eb4d3419-b70f-44ba-b88f-c3d983cbcf3b', '72ef0fd8-72ef-487d-9b88-ee61ddc3f275'),
('d9c6c738-8a60-43de-965f-f1f666da1639', '9f7de2eb-4073-43e6-b662-d688ccba4b26'),
('d9c6c738-8a60-43de-965f-f1f666da1639', '51277fb9-7f1f-4c80-a122-c3fea3cf3ed7'),
('d9c6c738-8a60-43de-965f-f1f666da1639', '72ef0fd8-72ef-487d-9b88-ee61ddc3f275'),
('1e9bb9c7-e4e6-42e4-9377-a33f9b645343', '9f7de2eb-4073-43e6-b662-d688ccba4b26'),
('1e9bb9c7-e4e6-42e4-9377-a33f9b645343', '51277fb9-7f1f-4c80-a122-c3fea3cf3ed7'),
('1e9bb9c7-e4e6-42e4-9377-a33f9b645343', '72ef0fd8-72ef-487d-9b88-ee61ddc3f275');

INSERT INTO team_project_member_table (team_member_id, team_project_id) VALUES
('eb4d3419-b70f-44ba-b88f-c3d983cbcf3b', '4b3a151a-a077-486c-9dfb-e996c2c9184c'),
('eb4d3419-b70f-44ba-b88f-c3d983cbcf3b', 'bf4dc226-a763-49da-be9f-606202d2c4c9'),
('eb4d3419-b70f-44ba-b88f-c3d983cbcf3b', '989dbcc2-fdfe-48c7-806a-98cf80e1bf42'),
('d9c6c738-8a60-43de-965f-f1f666da1639', '4b3a151a-a077-486c-9dfb-e996c2c9184c'),
('d9c6c738-8a60-43de-965f-f1f666da1639', 'bf4dc226-a763-49da-be9f-606202d2c4c9'),
('d9c6c738-8a60-43de-965f-f1f666da1639', '989dbcc2-fdfe-48c7-806a-98cf80e1bf42'),
('1e9bb9c7-e4e6-42e4-9377-a33f9b645343', '4b3a151a-a077-486c-9dfb-e996c2c9184c'),
('1e9bb9c7-e4e6-42e4-9377-a33f9b645343', 'bf4dc226-a763-49da-be9f-606202d2c4c9'),
('1e9bb9c7-e4e6-42e4-9377-a33f9b645343', '989dbcc2-fdfe-48c7-806a-98cf80e1bf42');

INSERT INTO form_table (form_id, form_name, form_description, form_app, form_team_member_id, form_is_formsly_form, form_is_hidden, form_is_for_every_member, form_is_disabled, form_type, form_sub_type) VALUES
('b8408545-4354-47d0-a648-928c6755a94b', 'All Fields', 'test all types of fields', 'REQUEST', 'eb4d3419-b70f-44ba-b88f-c3d983cbcf3b', false, false, true, false, NULL, NULL),
('337658f1-0777-45f2-853f-b6f20551712e', 'Duplicatable Sections', 'test field duplicatable sections', 'REQUEST', 'eb4d3419-b70f-44ba-b88f-c3d983cbcf3b', false, false, true, false, NULL, NULL),
('d13b3b0f-14df-4277-b6c1-7c80f7e7a829', 'Requisition', 'formsly premade Requisition form', 'REQUEST', 'eb4d3419-b70f-44ba-b88f-c3d983cbcf3b', true, false, false, false, 'Purchase', 'Material'),
('e5062660-9026-4629-bc2c-633826fdaa24', 'Sourced Item', 'formsly premade Sourced Item form', 'REQUEST', 'eb4d3419-b70f-44ba-b88f-c3d983cbcf3b', true, false, false, false, NULL, NULL),
('a732196f-9779-45e2-85fa-7320397e5b0a', 'Quotation', 'formsly premade Quotation form', 'REQUEST', 'eb4d3419-b70f-44ba-b88f-c3d983cbcf3b', true, false, false, false, NULL, NULL),
('5782d70a-5f6b-486c-a77f-401066afd005', 'Receiving Inspecting Report', 'These items were not available during this Requsitions sourcing step.', 'REQUEST', 'eb4d3419-b70f-44ba-b88f-c3d983cbcf3b', true, false, false, false, NULL, NULL),
('391c1b8c-db12-42ff-ad4a-4ea7680243d7', 'Release Order', 'These items were available during this Requsitions sourcing step.', 'REQUEST', 'eb4d3419-b70f-44ba-b88f-c3d983cbcf3b', true, false, false, false, NULL, NULL),
('8e173d92-c346-4fb5-8ef2-490105e19263', 'Transfer Receipt', 'formsly premade Transfer Receipt form', 'REQUEST', 'eb4d3419-b70f-44ba-b88f-c3d983cbcf3b', true, false, false, false, NULL, NULL),
('7b529f0a-5dc5-46e4-a648-2a7c1c3615f8', 'Subcon', 'formsly premade Subcon form.', 'REQUEST', 'eb4d3419-b70f-44ba-b88f-c3d983cbcf3b', true, false, false, false, NULL, NULL),
('800723d3-a164-4063-9e18-5fff651a96f8', 'Services', 'For subcontract service requests.', 'REQUEST', 'eb4d3419-b70f-44ba-b88f-c3d983cbcf3b', true, false, true, false, 'Purchase', 'Subcon'),
('7368a23b-601a-4ce8-adea-30b0cb483ab2', 'Other Expenses', 'formsly premade Other Expenses form', 'REQUEST', 'eb4d3419-b70f-44ba-b88f-c3d983cbcf3b', true, false, true, false, NULL, NULL);

INSERT INTO section_table (section_id, section_name, section_order, section_is_duplicatable, section_form_id) VALUES
('80017528-ddb2-419d-92be-cdfa867b8f42', 'All fields Section 1', 1, false, 'b8408545-4354-47d0-a648-928c6755a94b'),
('2bba9d85-90ed-4cec-a97a-159e482f4f65', 'All fields Section 2', 2, false, 'b8408545-4354-47d0-a648-928c6755a94b'),
('e36be46d-4eec-4d5a-bb71-fd2d539c599e', 'All fields Section 3', 3, false, 'b8408545-4354-47d0-a648-928c6755a94b'),
('5da6140a-bec6-4afa-aeec-2fcb84c17669', 'Duplicatable Section 1', 1, true, '337658f1-0777-45f2-853f-b6f20551712e'),
('8ef2c6a0-797d-4e36-8246-cfa0f783afb5', 'Normal Section 2', 2, false, '337658f1-0777-45f2-853f-b6f20551712e'),
('d8465119-a0ef-43e8-9feb-0373b7d46b29', 'Duplicatable Section 3', 3, true, '337658f1-0777-45f2-853f-b6f20551712e'),

-- Requisition
('ee34bb67-fffa-4690-aaf2-7ae371b21e88', 'Main', 1, false, 'd13b3b0f-14df-4277-b6c1-7c80f7e7a829'),
('0672ef7d-849d-4bc7-81b1-7a5eefcc1451', 'Item', 2, true, 'd13b3b0f-14df-4277-b6c1-7c80f7e7a829'),

-- Sourced Item
('65d2d36a-7e69-4044-9f74-157bc753bd59', 'ID', 1, false, 'e5062660-9026-4629-bc2c-633826fdaa24'),
('2e7e0b5f-cbf4-4340-af1a-18a16fd3a028', 'Item', 2, true, 'e5062660-9026-4629-bc2c-633826fdaa24'),

-- Quotation
('7d6649c2-316b-4895-86eb-120def2e2f33', 'ID', 1, false, 'a732196f-9779-45e2-85fa-7320397e5b0a'),
('991d9830-ae1b-4c14-bdba-6167b64f50f7', 'Main', 2, false, 'a732196f-9779-45e2-85fa-7320397e5b0a'),
('cd7b6204-1e87-4c5b-9ce3-3d8ca5c201fb', 'Additional Charges', 3, false, 'a732196f-9779-45e2-85fa-7320397e5b0a'),
('ee8a3bc7-4253-44f7-bd7c-53b0e8871601', 'Item', 4, true, 'a732196f-9779-45e2-85fa-7320397e5b0a'),

-- Receiving Inspecting Report
('b79c9a66-f112-4bfa-8d5c-88267be24fd8', 'ID', 1, false, '5782d70a-5f6b-486c-a77f-401066afd005'),
('39831fe4-00f3-4b5e-b840-aae8f1469841', 'Quality Check', 2, false, '5782d70a-5f6b-486c-a77f-401066afd005'),
('00341355-1ece-47e6-88a2-060fbab8b11a', 'Item', 3, true, '5782d70a-5f6b-486c-a77f-401066afd005'),

-- Release Order
('1416e947-3491-436f-9b20-f0cd705607d0', 'ID', 1, false, '391c1b8c-db12-42ff-ad4a-4ea7680243d7'),
('0d630b15-3c88-49e0-b588-1e60dd839bcb', 'Item', 2, true, '391c1b8c-db12-42ff-ad4a-4ea7680243d7'),

-- Transfer Receipt
('47b11674-d641-4680-834e-7fd48f43696b', 'ID', 1, false, '8e173d92-c346-4fb5-8ef2-490105e19263'),
('c3d7f001-32ce-4e44-8677-7d2dd16c45dd', 'Quantity Check', 2, false, '8e173d92-c346-4fb5-8ef2-490105e19263'),
('b2466824-9803-41a2-8abc-5d9f7045c73b', 'Item', 3, true, '8e173d92-c346-4fb5-8ef2-490105e19263'),

-- Subcon
('a8dfd227-0555-4632-859c-7e586ac8ed1c', 'Main', 1, false, '7b529f0a-5dc5-46e4-a648-2a7c1c3615f8'),
('afd6fecd-e619-41ca-b9d2-cc1e96d4dce2', 'Service', 2, true, '7b529f0a-5dc5-46e4-a648-2a7c1c3615f8'),

-- Subcon and Service
('77ec0877-7944-45a0-bc92-3bf4e7815fcf', 'Main', 1, false, '800723d3-a164-4063-9e18-5fff651a96f8'),
('3dfadc99-3e77-4094-983d-b78e6164846d', 'Request', 2, true, '800723d3-a164-4063-9e18-5fff651a96f8'),

-- Other Expenses
('b1ef70d8-bdff-4091-a9b1-43fca942e45a', 'Main', 1, false, '7368a23b-601a-4ce8-adea-30b0cb483ab2'),
('b1747c1b-e3b2-4c5b-9f22-b16cce8efc05', 'Request', 2, true, '7368a23b-601a-4ce8-adea-30b0cb483ab2');

INSERT INTO field_table (field_id, field_name, field_type, field_order, field_section_id, field_is_required, field_is_read_only) VALUES
-- All Fields 
('9696114b-9884-4ecf-8000-ab30ecde85aa', 'Text field', 'TEXT', 1, '80017528-ddb2-419d-92be-cdfa867b8f42', false, false),
('04141446-2b59-4d57-a81f-1bcbb5f4d4fd', 'Text area field', 'TEXTAREA', 2, '80017528-ddb2-419d-92be-cdfa867b8f42', false, false),
('34568491-4c73-4511-8a3e-babc6a54fdde', 'Number field', 'NUMBER', 3, '80017528-ddb2-419d-92be-cdfa867b8f42', false, false),
('f8ad5957-ed6d-48a9-858e-67127599be43', 'Switch field', 'SWITCH', 4, '2bba9d85-90ed-4cec-a97a-159e482f4f65', false, false),
('f6caa6e5-f2f5-4444-b96f-eec55dea2794', 'Dropdown field', 'DROPDOWN', 5, '2bba9d85-90ed-4cec-a97a-159e482f4f65', false, false),
('297e382a-34ad-4301-9017-4d8f5eaf9728', 'Multiselect field', 'MULTISELECT', 6, '2bba9d85-90ed-4cec-a97a-159e482f4f65', false, false),
('2d2b787e-4398-4be2-b5b1-b47d78e2db81', 'Date field', 'DATE', 7, 'e36be46d-4eec-4d5a-bb71-fd2d539c599e', false, false),
('a217e383-7bb1-4f95-a145-6d37145a4477', 'Time field', 'TIME', 8, 'e36be46d-4eec-4d5a-bb71-fd2d539c599e', false, false),
('dfa66f26-0891-4ce4-a91a-93f7e55eda93', 'File field', 'FILE', 9, 'e36be46d-4eec-4d5a-bb71-fd2d539c599e', false, false),
-- ('1b4c7148-faaa-46cd-b361-806e670058e7', 'Slider field', 'SLIDER', 9, 'e36be46d-4eec-4d5a-bb71-fd2d539c599e', false, false),

-- Duplicatable Section
('253f311c-aca6-401d-be77-696aa67a59d5', 'Text field', 'TEXT', 1, '5da6140a-bec6-4afa-aeec-2fcb84c17669', false, false),
('570a2b3f-bfb8-490e-a7bb-a8d0e4b512eb', 'Number field', 'NUMBER', 2, '5da6140a-bec6-4afa-aeec-2fcb84c17669', false, false),
('b925b45f-1d3e-4bbc-963b-80c5184702fb', 'Switch field', 'SWITCH', 3, '5da6140a-bec6-4afa-aeec-2fcb84c17669', false, false),
('f36180e1-ac98-4d56-ba7d-8eef9a71e0d8', 'Dropdown field', 'DROPDOWN', 4, '5da6140a-bec6-4afa-aeec-2fcb84c17669', false, false),

('d22f6df6-1845-4368-9e1b-7cd22fed7a1e', 'Text field', 'TEXT', 5, '8ef2c6a0-797d-4e36-8246-cfa0f783afb5', false, false),
('7c53aa9f-ec53-45f1-ba95-0556b07a71ba', 'Dropdown field', 'DROPDOWN', 6, '8ef2c6a0-797d-4e36-8246-cfa0f783afb5', false, false),
('3ecfcb90-7fdd-4521-82a3-4fb7daab44c0', 'Date field', 'DATE', 7, '8ef2c6a0-797d-4e36-8246-cfa0f783afb5', false, false),

('5ef54cb5-f694-4f4e-aee5-ec228dec1da4', 'Multiselect field', 'MULTISELECT', 8, 'd8465119-a0ef-43e8-9feb-0373b7d46b29', false, false),
('1f9366fb-b89b-4d41-9a0e-e0264c422f17', 'Date field', 'DATE', 9, 'd8465119-a0ef-43e8-9feb-0373b7d46b29', false, false),
('0b4a3e53-629a-49d8-80e6-bfe1f31c0510', 'Time field', 'TIME', 10, 'd8465119-a0ef-43e8-9feb-0373b7d46b29', false, false),
-- ('5ed0f5c1-a97d-465b-ade4-758a5ae351a2', 'Slider field', 'SLIDER', 11, 'd8465119-a0ef-43e8-9feb-0373b7d46b29', false, false),

-- Requisition 
('51b6da24-3e28-49c4-9e19-5988b9ad3909', 'Requesting Project', 'DROPDOWN', 1, 'ee34bb67-fffa-4690-aaf2-7ae371b21e88', true, false),
('6882287e-57c7-42ae-a672-b0d6c8979b01', 'Type', 'DROPDOWN', 2, 'ee34bb67-fffa-4690-aaf2-7ae371b21e88', true, false),
('46dc154d-1c35-4a3c-9809-698b56d17faa', 'Date Needed', 'DATE', 3, 'ee34bb67-fffa-4690-aaf2-7ae371b21e88', true, false),
('c08820a5-592a-4bf9-9528-97b7ee7be94b', 'Purpose', 'TEXT', 4, 'ee34bb67-fffa-4690-aaf2-7ae371b21e88', true, false),

('b2c899e8-4ac7-4019-819e-d6ebcae71f41', 'General Name', 'DROPDOWN', 5, '0672ef7d-849d-4bc7-81b1-7a5eefcc1451', true, false),
('c3efa89d-8297-4920-8c3e-d9dee61fdf13', 'Base Unit of Measurement', 'TEXT', 6, '0672ef7d-849d-4bc7-81b1-7a5eefcc1451', true, true),
('d78145e8-ba83-4fa8-907f-db66fd3cae0d', 'Quantity', 'NUMBER', 7, '0672ef7d-849d-4bc7-81b1-7a5eefcc1451', true, false),
('440d9a37-656a-4237-be3b-c434f512eaa9', 'GL Account', 'TEXT', 8, '0672ef7d-849d-4bc7-81b1-7a5eefcc1451', true, true),
('a6266f0b-1339-4c50-910e-9bae73031df0', 'CSI Code Description', 'DROPDOWN', 9, '0672ef7d-849d-4bc7-81b1-7a5eefcc1451', true, false),
('0c9831e7-dc18-4aaf-87f7-2e7bcbc53eae', 'CSI Code', 'TEXT', 10, '0672ef7d-849d-4bc7-81b1-7a5eefcc1451', true, true),
('64bb5899-bad4-4fe4-bc08-60dce9923f57', 'Division Description', 'TEXT', 11, '0672ef7d-849d-4bc7-81b1-7a5eefcc1451', true, true),
('8fdb158b-bed5-4eac-a6dc-bc69275f1ac7', 'Level 2 Major Group Description', 'TEXT', 12, '0672ef7d-849d-4bc7-81b1-7a5eefcc1451', true, true),
('b69182a9-dc96-472b-aa31-b1f2f92ec78b', 'Level 2 Minor Group Description', 'TEXT', 13, '0672ef7d-849d-4bc7-81b1-7a5eefcc1451', true, true),
('159c86c3-dda6-4c8a-919f-50e1674659bd', 'Preferred Supplier', 'DROPDOWN', 14, '0672ef7d-849d-4bc7-81b1-7a5eefcc1451', false, false),

-- Sourced Item 
('e01d6fc1-48c3-4abb-b605-841f73f83f9a', 'Requisition ID', 'LINK', 1, '65d2d36a-7e69-4044-9f74-157bc753bd59', true, true),

('bdaa7b68-8ca3-443c-999c-3adec9339709', 'Item', 'DROPDOWN', 2, '2e7e0b5f-cbf4-4340-af1a-18a16fd3a028', true, false),
('8c15e0f0-f360-4826-a684-5ab4ecb52009', 'Quantity', 'NUMBER', 3, '2e7e0b5f-cbf4-4340-af1a-18a16fd3a028', true, false),
('4982e986-865c-4574-9767-4951b4f6c155', 'Source Project', 'DROPDOWN', 4, '2e7e0b5f-cbf4-4340-af1a-18a16fd3a028', true, false),

-- Quotation 
('df0cb109-e34d-498f-ac51-af2139628ac0', 'Requisition ID', 'LINK', 1, '7d6649c2-316b-4895-86eb-120def2e2f33', true, true),

('2a43aedd-017c-4675-ad4c-00debbac7050', 'Supplier', 'DROPDOWN', 2, '991d9830-ae1b-4c14-bdba-6167b64f50f7', true, false),
('39ea4ce9-7c78-4470-b3ff-cfd13429d6c5', 'Supplier Quotation', 'FILE', 3, '991d9830-ae1b-4c14-bdba-6167b64f50f7', true, false),
('039f5c31-6e9c-42ae-aa27-21c0cba12560', 'Request Send Method', 'DROPDOWN', 4, '991d9830-ae1b-4c14-bdba-6167b64f50f7', false, false),
('4c201ab9-92d9-47dd-a661-a7bb2c4e3923', 'Proof of Sending', 'FILE', 5, '991d9830-ae1b-4c14-bdba-6167b64f50f7', false, false),
('0dfd9844-656d-4468-9919-a243e2fef1ef', 'Payment Terms', 'DROPDOWN', 6, '991d9830-ae1b-4c14-bdba-6167b64f50f7', true, false),
('53497dc1-33bf-46de-a445-4115e45167eb', 'Lead Time', 'NUMBER', 7, '991d9830-ae1b-4c14-bdba-6167b64f50f7', true, false),
('918e4f18-c4c1-44c1-bec8-da796ff33dfe', 'Required Down Payment', 'NUMBER', 8, '991d9830-ae1b-4c14-bdba-6167b64f50f7', true, false),

('90e7959a-12a4-44f7-8b45-225a40b681f6', 'Delivery Fee', 'NUMBER', 9, 'cd7b6204-1e87-4c5b-9ce3-3d8ca5c201fb', false, false),
('7a46ec08-b38d-424a-94ef-f9de5df5e6c2', 'Bank Charge', 'NUMBER', 10, 'cd7b6204-1e87-4c5b-9ce3-3d8ca5c201fb', false, false),
('70133386-277b-4c4a-9260-3fe769bf12d2', 'Mobilization Charge', 'NUMBER', 11, 'cd7b6204-1e87-4c5b-9ce3-3d8ca5c201fb', false, false),
('8b4389b7-328f-47dc-974b-485c17475be3', 'Demobilization Charge', 'NUMBER', 12, 'cd7b6204-1e87-4c5b-9ce3-3d8ca5c201fb', false, false),
('69887d56-f813-4570-9230-c3e98c808b0d', 'Freight Charge', 'NUMBER', 13, 'cd7b6204-1e87-4c5b-9ce3-3d8ca5c201fb', false, false),
('cabe5c9a-79c4-42bd-ab4e-01ef8f200251', 'Hauling Charge', 'NUMBER', 14, 'cd7b6204-1e87-4c5b-9ce3-3d8ca5c201fb', false, false),
('c7ac30a2-39bf-427d-aa94-cf24827cb3e2', 'Handling Charge', 'NUMBER', 15, 'cd7b6204-1e87-4c5b-9ce3-3d8ca5c201fb', false, false),
('08e43351-79ec-4967-9aed-9909ee44495d', 'Packing Charge', 'NUMBER', 16, 'cd7b6204-1e87-4c5b-9ce3-3d8ca5c201fb', false, false),

('ba52fb74-5663-41f9-a72b-5dbe0244f317', 'Item', 'DROPDOWN', 17, 'ee8a3bc7-4253-44f7-bd7c-53b0e8871601', true, false),
('273a1161-2a86-4b96-a024-94cf4f6f4cdf', 'Price per Unit', 'NUMBER', 18, 'ee8a3bc7-4253-44f7-bd7c-53b0e8871601', true, false),
('5dfbc04b-6f2d-4b55-818c-8f7031cdcdc2', 'Quantity', 'NUMBER', 19, 'ee8a3bc7-4253-44f7-bd7c-53b0e8871601', true, false),

-- Receiving Inspecting Report 
('1df80eb4-b171-4bbf-925c-ae09b7d09bad', 'Requisition ID', 'LINK', 1, 'b79c9a66-f112-4bfa-8d5c-88267be24fd8', true, true),
('9d69d6fe-8019-416b-b4e6-41ec71792cb4', 'Quotation ID', 'LINK', 2, 'b79c9a66-f112-4bfa-8d5c-88267be24fd8', true, true),
('18975198-02d3-49b4-af40-232c2c915ba7', 'DR', 'FILE', 3, '39831fe4-00f3-4b5e-b840-aae8f1469841', true, false),
('6317b506-816f-4ce4-a083-b9a94c900446', 'SI', 'FILE', 4, '39831fe4-00f3-4b5e-b840-aae8f1469841', false, false),
('6be1b3b0-8b9d-46fc-bb42-a068d47a76d8', 'QCIR', 'FILE', 5, '39831fe4-00f3-4b5e-b840-aae8f1469841', false, false),
('cf0af133-5e81-4665-aa44-6dd3d5e28b43', 'Item', 'DROPDOWN', 6, '00341355-1ece-47e6-88a2-060fbab8b11a', true, false),
('3ca0dbf6-800f-44e5-ba30-149dd5c211fc', 'Quantity', 'NUMBER', 7, '00341355-1ece-47e6-88a2-060fbab8b11a', true, false),
('d440c116-830b-4339-bcf8-ca49aba9c395', 'Receiving Status', 'TEXT', 8, '00341355-1ece-47e6-88a2-060fbab8b11a', true, true), 

-- Release Order 
('2075f549-bcbf-4719-ae44-ec38b2fab79f', 'Requisition ID', 'LINK', 1, '1416e947-3491-436f-9b20-f0cd705607d0', true, true),
('9fe04f40-a250-4a16-9e6a-b6c8a0b5a4c1', 'Sourced Item ID', 'LINK', 2, '1416e947-3491-436f-9b20-f0cd705607d0', true, true),
('3a8b66dc-2853-467a-a82b-72dd9bc29b40', 'Item', 'DROPDOWN', 3, '0d630b15-3c88-49e0-b588-1e60dd839bcb', true, false),
('4050bfbe-0cbe-443b-a4c7-3851dba2d7c8', 'Quantity', 'NUMBER', 4, '0d630b15-3c88-49e0-b588-1e60dd839bcb', true, false),
('d3d790fe-3d37-421c-91f3-e943ee5941b6', 'Receiving Status', 'TEXT', 5, '0d630b15-3c88-49e0-b588-1e60dd839bcb', true, true), 
('2ea7acb6-37a4-4ced-b5d2-b944c3a1de37', 'Source Project', 'TEXT', 6, '0d630b15-3c88-49e0-b588-1e60dd839bcb', true, true), 

-- Transfer Receipt 
('c336e79e-4a89-49f7-92c3-6de1dddc977b', 'Requisition ID', 'LINK', 1, '47b11674-d641-4680-834e-7fd48f43696b', true, true),
('0778f0ba-bb0f-4110-b19f-38d999d8e8f1', 'Sourced Item ID', 'LINK', 2, '47b11674-d641-4680-834e-7fd48f43696b', true, true),
('a4004713-7b1d-436f-a765-a8da3912f83f', 'Release Order ID', 'LINK', 3, '47b11674-d641-4680-834e-7fd48f43696b', true, true),
('b4e8eda9-a83b-4e56-8455-ab2e32db93f6', 'Transfer Shipment', 'FILE', 4, 'c3d7f001-32ce-4e44-8677-7d2dd16c45dd', true, false),
('75303e92-b8b0-4f6b-a92d-cda798c5639e', 'Transfer Receipt', 'FILE', 5, 'c3d7f001-32ce-4e44-8677-7d2dd16c45dd', true, false),
('490e3c51-d183-4752-88c4-c3f92ff7c15b', 'Item', 'DROPDOWN', 6, 'b2466824-9803-41a2-8abc-5d9f7045c73b', true, false),
('be528e76-6531-4cdd-9725-8aa858219d0d', 'Quantity', 'NUMBER', 7, 'b2466824-9803-41a2-8abc-5d9f7045c73b', true, false),
('054e73e1-601a-4764-b447-903b9b0c6e68', 'Receiving Status', 'TEXT', 8, 'b2466824-9803-41a2-8abc-5d9f7045c73b', true, true), 
('e0d9563f-463d-4f25-8c6e-46463841cd24', 'Source Project', 'TEXT', 9, 'b2466824-9803-41a2-8abc-5d9f7045c73b', true, true),

-- Subcon
('d90b3a0b-0325-40c3-9fe0-f8018b42d83d', 'Requesting Project', 'DROPDOWN', 1, 'a8dfd227-0555-4632-859c-7e586ac8ed1c', true, false),
('c69d754d-54fb-493b-a0de-b944f9916858', 'Date Needed', 'DATE', 2, 'a8dfd227-0555-4632-859c-7e586ac8ed1c', true, false),
('5b48d874-6f0a-4e20-9429-472fe007e030', 'Purpose', 'TEXT', 3, 'a8dfd227-0555-4632-859c-7e586ac8ed1c', true, false),
('77f2eb80-6ef9-47b8-b247-bee8c00324cb', 'Type', 'DROPDOWN', 4, 'a8dfd227-0555-4632-859c-7e586ac8ed1c', true, false),
('f775c0d8-1ff3-4962-8175-2775b0ee6d36', 'Description of Work', 'TEXT', 5, 'a8dfd227-0555-4632-859c-7e586ac8ed1c', true, false),
('83e9b44c-4eb9-4e44-8538-d839da815dfb', 'Nominated Subcon', 'MULTISELECT', 6, 'a8dfd227-0555-4632-859c-7e586ac8ed1c', false, false),

('9569b7dc-204b-464c-be0e-87c2d3bec678', 'Service Name', 'DROPDOWN', 7, 'afd6fecd-e619-41ca-b9d2-cc1e96d4dce2', true, false),

-- Subcon and Service
('fce943ab-44b8-4066-93f6-776230f325dd', 'Requesting Project', 'DROPDOWN', 1, '77ec0877-7944-45a0-bc92-3bf4e7815fcf', true, false),
('ca1ead0a-4a44-43c2-9224-88ef753aac2d', 'Date Needed', 'DATE', 2, '77ec0877-7944-45a0-bc92-3bf4e7815fcf', true, false),
('d33ab744-7c18-424c-954d-ec930590d04b', 'Purpose', 'TEXT', 3, '77ec0877-7944-45a0-bc92-3bf4e7815fcf', true, false),

('11910b78-96c2-4376-97bb-88e23acba5b0', 'Category', 'DROPDOWN', 4, '3dfadc99-3e77-4094-983d-b78e6164846d', true, false),
('0ce2157d-729a-4dcf-8ad6-4cd44c36b80a', 'Description', 'TEXT', 5, '3dfadc99-3e77-4094-983d-b78e6164846d', true, false),
('4581b4c1-e5f9-454d-93e7-464de8e1d021', 'Quantity', 'NUMBER', 6, '3dfadc99-3e77-4094-983d-b78e6164846d', true, false),
('16db8d97-ee07-4f25-a198-e7b85903738b', 'Unit of Measurement', 'DROPDOWN', 7, '3dfadc99-3e77-4094-983d-b78e6164846d', true, false),
('fa360eb2-640d-4b2f-b55e-24e741a87ee3', 'CSI Division', 'DROPDOWN', 8, '3dfadc99-3e77-4094-983d-b78e6164846d', true, false),
('4e7a4079-b39b-41b7-b3a6-ae50eabd50e1', 'CSI Code Description', 'DROPDOWN', 9, '3dfadc99-3e77-4094-983d-b78e6164846d', true, false),
('63471afc-f3e9-4df2-b54f-d9ee248248f3', 'CSI Code', 'TEXT', 10, '3dfadc99-3e77-4094-983d-b78e6164846d', true, true),
('488bd397-bc67-4b1e-80d5-75615c7326e0', 'Level 2 Major Group Description', 'TEXT', 11, '3dfadc99-3e77-4094-983d-b78e6164846d', true, true),
('576ada6f-bbbb-4550-807f-e826ea4d29db', 'Level 2 Minor Group Description', 'TEXT', 12, '3dfadc99-3e77-4094-983d-b78e6164846d', true, true),
('736bffc6-da86-43d6-b912-97eedcd17839', 'Preferred Supplier', 'DROPDOWN', 13, '3dfadc99-3e77-4094-983d-b78e6164846d', false, false),

-- Other Expenses
('b4bf10d8-009a-442d-b096-5fdd46ed7de0', 'Requesting Project', 'DROPDOWN', 1, 'b1ef70d8-bdff-4091-a9b1-43fca942e45a', true, false),
('4309a973-da2e-482a-8ec5-31ff0eaa4294', 'Date Needed', 'DATE', 2, 'b1ef70d8-bdff-4091-a9b1-43fca942e45a', true, false),
('29b3f1ed-4eb1-4f01-b1ea-3b6ef4523bc0', 'Purpose', 'TEXT', 3, 'b1ef70d8-bdff-4091-a9b1-43fca942e45a', true, false),

('9d678821-e292-483d-b0d9-ebeccd9c1835', 'Category', 'DROPDOWN', 4, 'b1747c1b-e3b2-4c5b-9f22-b16cce8efc05', true, false),
('d15d4a39-9c34-4d56-80f1-17d12918fce3', 'Type', 'DROPDOWN', 5, 'b1747c1b-e3b2-4c5b-9f22-b16cce8efc05', true, false),
('0fc3742d-2e72-4043-acc6-358185266e20', 'Description', 'TEXT', 6, 'b1747c1b-e3b2-4c5b-9f22-b16cce8efc05', true, false),
('4fb94cb4-ceb1-4995-a8e7-b6adcee0506c', 'Quantity', 'NUMBER', 7, 'b1747c1b-e3b2-4c5b-9f22-b16cce8efc05', true, false),
('8f728f54-b0b6-4883-82ed-f36fe5d4ca00', 'Unit of Measurement', 'DROPDOWN', 8, 'b1747c1b-e3b2-4c5b-9f22-b16cce8efc05', true, false),
('fb76b5f1-c2e7-404a-822a-4101b7aecdf5', 'CSI Code Description', 'DROPDOWN', 9, 'b1747c1b-e3b2-4c5b-9f22-b16cce8efc05', true, false),
('23cc13f0-6700-4793-9d2d-ce7dd87b6605', 'CSI Code', 'TEXT', 10, 'b1747c1b-e3b2-4c5b-9f22-b16cce8efc05', true, true),
('b140d4f3-236f-4c71-b9b3-1bff236d61b0', 'Level 2 Major Group Description', 'TEXT', 11, 'b1747c1b-e3b2-4c5b-9f22-b16cce8efc05', true, true),
('37139ca7-c4d6-43f1-a225-8d70ddefc39e', 'Level 2 Minor Group Description', 'TEXT', 12, 'b1747c1b-e3b2-4c5b-9f22-b16cce8efc05', true, true),
('0086fa63-99ab-4121-b3b0-3734f70a4772', 'Preferred Supplier', 'DROPDOWN', 13, 'b1747c1b-e3b2-4c5b-9f22-b16cce8efc05', false, false);

INSERT INTO option_table (option_id, option_value, option_order, option_field_id) VALUES
('7961d4d4-6c04-46e7-b995-472856fff590', 'Dropdown 1', 1, 'f6caa6e5-f2f5-4444-b96f-eec55dea2794'),
('e80290da-9bc0-4aae-adb3-b15b321a8ad1', 'Dropdown 2', 2, 'f6caa6e5-f2f5-4444-b96f-eec55dea2794'),
('a9959120-e6ce-4b8b-998e-ec9e4a32b791', 'Dropdown 3', 3, 'f6caa6e5-f2f5-4444-b96f-eec55dea2794'),
('ee7597d6-472d-4a97-9661-3c509a571deb', 'Multiselect 1', 1, '297e382a-34ad-4301-9017-4d8f5eaf9728'),
('8addcf84-c1d7-44b6-8937-1fcca31a18e1', 'Multiselect 2', 2, '297e382a-34ad-4301-9017-4d8f5eaf9728'),
('6e573ba8-8e21-4965-b269-3bcba2d11bb8', 'Multiselect 3', 3, '297e382a-34ad-4301-9017-4d8f5eaf9728'),
-- ('8576731c-144d-4e52-9878-6d773d2e9fb3', '[1,5]', 1, '1b4c7148-faaa-46cd-b361-806e670058e7'),
('bc487823-89f8-4038-b3eb-d90f4b43fbf9', 'Dropdown 1', 1, 'f36180e1-ac98-4d56-ba7d-8eef9a71e0d8'),
('7d86cfc1-21c2-4b52-8ba5-accc058c9aac', 'Dropdown 2', 2, 'f36180e1-ac98-4d56-ba7d-8eef9a71e0d8'),
('6114629a-b334-4fb4-99e6-18905aa80cad', 'Dropdown 3', 3, 'f36180e1-ac98-4d56-ba7d-8eef9a71e0d8'),
('db59d039-b548-444b-817c-66258fe61813', 'Dropdown 1', 1, '7c53aa9f-ec53-45f1-ba95-0556b07a71ba'),
('42f6a134-097e-4f6a-8072-2352bb2071ef', 'Dropdown 2', 2, '7c53aa9f-ec53-45f1-ba95-0556b07a71ba'),
('0af76533-83d1-460c-bf02-f2b5523cdd22', 'Dropdown 3', 3, '7c53aa9f-ec53-45f1-ba95-0556b07a71ba'),
('763721ed-2c20-4e87-a7f1-bfd1eaa848e0', 'Multiselect 1', 1, '5ef54cb5-f694-4f4e-aee5-ec228dec1da4'),
('c6d92f18-f06d-4f8c-ae89-3cef183b42e9', 'Multiselect 2', 2, '5ef54cb5-f694-4f4e-aee5-ec228dec1da4'),
('52da4c49-c855-4130-bb6f-c70f47bf21e4', 'Multiselect 3', 3, '5ef54cb5-f694-4f4e-aee5-ec228dec1da4'),
-- ('bab0a354-4a06-4bb2-a8a2-dcdbb7f68fde', '[1,10]', 1, '5ed0f5c1-a97d-465b-ade4-758a5ae351a2');

-- Requisition 
('f97eb24f-53b2-452b-966e-9a2f1dfd812d', 'Cash Purchase - Advance Payment', 1, '6882287e-57c7-42ae-a672-b0d6c8979b01'),
('6ce7fa3a-9e85-4ab1-9f3b-de931071fa26', 'Cash Purchase - Local Purchase', 2, '6882287e-57c7-42ae-a672-b0d6c8979b01'),
('a73672df-03ea-4bc8-b904-366044819188', 'Order to Purchase', 3, '6882287e-57c7-42ae-a672-b0d6c8979b01'),
('6703be59-09bb-4ffa-b2f9-aee10ebae64d', 'Rental', 4, '6882287e-57c7-42ae-a672-b0d6c8979b01'),

-- Quotation 
('345214ae-9523-4f81-b3c1-d118f7735999', 'Email', 1, '039f5c31-6e9c-42ae-aa27-21c0cba12560'),
('3b8437da-7135-4fc5-ae4f-d9e294f096ab', 'Text', 2, '039f5c31-6e9c-42ae-aa27-21c0cba12560'),
('5ca3971c-ab0b-46e0-ad0b-cc48719360d4', 'Other', 3, '039f5c31-6e9c-42ae-aa27-21c0cba12560'),

('57068866-68e7-4b3b-9277-5f402887b65f', '7 PDC', 1, '0dfd9844-656d-4468-9919-a243e2fef1ef'),
('21d0ad95-8395-4acb-b774-9e36fd99d66d', '15 PDC', 2, '0dfd9844-656d-4468-9919-a243e2fef1ef'),
('e4cb98a6-1d14-4a9a-b0df-14b4e26b7ce4', '30 PDC', 3, '0dfd9844-656d-4468-9919-a243e2fef1ef'),
('28d3d825-7b40-4d8d-aa78-19adf3ae9dab', '45 PDC', 4, '0dfd9844-656d-4468-9919-a243e2fef1ef'),
('9763cddd-c663-4be2-ac69-0381e2b908b1', '60 PDC', 5, '0dfd9844-656d-4468-9919-a243e2fef1ef'),
('872fff90-445d-4501-b920-95e08cb051c0', '70 PDC', 6, '0dfd9844-656d-4468-9919-a243e2fef1ef'),
('53c15efc-261d-490c-a362-719ef606f835', '90 PDC', 7, '0dfd9844-656d-4468-9919-a243e2fef1ef'),
('6d75beba-fa74-47dc-a1af-03662caff5b8', '120 PDC', 8, '0dfd9844-656d-4468-9919-a243e2fef1ef'),
('6601bbe7-4703-4dc3-9765-691b8ebee1ad', '7 UPI', 9, '0dfd9844-656d-4468-9919-a243e2fef1ef'),
('4e34a3be-5b8e-44a1-bf8e-fb154dfa83e5', '15 UPI', 10, '0dfd9844-656d-4468-9919-a243e2fef1ef'),
('b4d7b068-f3e6-4bcd-8325-0f18c58580b2', '30 UPI', 11, '0dfd9844-656d-4468-9919-a243e2fef1ef'),
('d70e38bd-60d6-44a1-9dea-74c51ada3467', '35 UPI', 12, '0dfd9844-656d-4468-9919-a243e2fef1ef'),
('87ae575e-71a8-4e26-bf2c-45845269789a', '45 UPI', 13, '0dfd9844-656d-4468-9919-a243e2fef1ef'),
('2260ca32-4cd4-4af3-80ef-701f6afba337', '60 UPI', 14, '0dfd9844-656d-4468-9919-a243e2fef1ef'),
('0c5a1ece-a5a2-45b8-91e3-cb99c43a31eb', '90 UPI', 15, '0dfd9844-656d-4468-9919-a243e2fef1ef'),
('2637dcd9-6420-44a7-a842-9ef9c73effda', '120 UPI', 16, '0dfd9844-656d-4468-9919-a243e2fef1ef'),
('0ce51086-27ae-4440-9c37-5c67c35914df', '7 DAYS', 17, '0dfd9844-656d-4468-9919-a243e2fef1ef'),
('77f73271-50b2-4480-ab0a-0affc08517f2', 'COD', 18, '0dfd9844-656d-4468-9919-a243e2fef1ef'),
('2ae3b91d-dbba-408f-a3e7-d69085efb88e', 'DATED', 19, '0dfd9844-656d-4468-9919-a243e2fef1ef'),
('efc90008-111a-4c41-b16e-4ab9e22277fd', 'FO3', 20, '0dfd9844-656d-4468-9919-a243e2fef1ef'),
('ff8af524-7c9f-4d88-881c-c3cfef70c0ae', 'LC', 21, '0dfd9844-656d-4468-9919-a243e2fef1ef'),
('ae5fa8db-44f0-4b21-829c-aef2500bc8d1', 'PB', 22, '0dfd9844-656d-4468-9919-a243e2fef1ef'),
('fb8aabe9-2ea1-4471-ba12-47a322a4e0ad', 'TT', 23, '0dfd9844-656d-4468-9919-a243e2fef1ef'),

-- Subcon 
('2b06d212-be60-43dd-8103-5e0f616f6016', 'Supply and Installation / Supply and Application', 1, '77f2eb80-6ef9-47b8-b247-bee8c00324cb'),
('78004cb8-ab8a-440a-a129-db7ee201394e', 'Installation / Application Works / Fabrication only', 2, '77f2eb80-6ef9-47b8-b247-bee8c00324cb'),
('1cbdf5d1-ae3d-4ac2-9948-60ca61848aa2', 'Supply and Fabrication', 3, '77f2eb80-6ef9-47b8-b247-bee8c00324cb');

INSERT INTO form_team_group_table (form_team_group_id, form_id, team_group_id) VALUES
('39aa91ef-7b4a-4f16-ba9c-7e78cefd90d3', 'd13b3b0f-14df-4277-b6c1-7c80f7e7a829', '9f7de2eb-4073-43e6-b662-d688ccba4b26'),
('169ba447-3b92-4510-9b2a-b9021a1b8774', 'e5062660-9026-4629-bc2c-633826fdaa24', '72ef0fd8-72ef-487d-9b88-ee61ddc3f275'),
('3be21f1a-ee76-4dce-9d94-f0c9f7224553', 'a732196f-9779-45e2-85fa-7320397e5b0a', '51277fb9-7f1f-4c80-a122-c3fea3cf3ed7'),
('8fa70223-807d-41eb-898b-31f16a34fb4f', '5782d70a-5f6b-486c-a77f-401066afd005', '72ef0fd8-72ef-487d-9b88-ee61ddc3f275'),
('a21fd316-1227-46fa-858f-d1ce8173f962', '391c1b8c-db12-42ff-ad4a-4ea7680243d7', '72ef0fd8-72ef-487d-9b88-ee61ddc3f275'),
('2b3806c6-c61c-46d4-a56e-eb563e2fc78c', '8e173d92-c346-4fb5-8ef2-490105e19263', '72ef0fd8-72ef-487d-9b88-ee61ddc3f275'),
('5aa860bf-95d3-463e-901b-a552ec2ae171', '7b529f0a-5dc5-46e4-a648-2a7c1c3615f8', '9f7de2eb-4073-43e6-b662-d688ccba4b26');

INSERT INTO signer_table (signer_id, signer_is_primary_signer, signer_action, signer_order, signer_form_id, signer_team_member_id) VALUES
('dd0149ad-9a49-4480-b7fa-62b55df3134e', TRUE, 'Approved', 1, 'b8408545-4354-47d0-a648-928c6755a94b', 'd9c6c738-8a60-43de-965f-f1f666da1639'),
('b7115738-8089-4e68-ac94-76ce6d0452f5', TRUE, 'Approved', 1, '337658f1-0777-45f2-853f-b6f20551712e', 'd9c6c738-8a60-43de-965f-f1f666da1639'),
('7d0781fe-eb57-4225-858d-abb6b93357c7', FALSE, 'Noted', 2, '337658f1-0777-45f2-853f-b6f20551712e', '1e9bb9c7-e4e6-42e4-9377-a33f9b645343'),
('37067546-44b2-4bfa-a952-b0332e98298c', TRUE, 'Approved', 1, 'd13b3b0f-14df-4277-b6c1-7c80f7e7a829', 'd9c6c738-8a60-43de-965f-f1f666da1639'),
('b96ad041-2ad5-41be-9358-06d0a8524401', TRUE, 'Approved', 1, 'e5062660-9026-4629-bc2c-633826fdaa24', 'd9c6c738-8a60-43de-965f-f1f666da1639'),
('8321f613-6362-4d17-b9f2-f439ddd9a8a8', TRUE, 'Approved', 1, 'a732196f-9779-45e2-85fa-7320397e5b0a', 'd9c6c738-8a60-43de-965f-f1f666da1639'),
('37f8b92c-9e9e-4e97-a6f4-f2f55a7f1a87', TRUE, 'Approved', 1, '5782d70a-5f6b-486c-a77f-401066afd005', 'd9c6c738-8a60-43de-965f-f1f666da1639'),
('2c4504a3-6b38-42bb-af23-d489967205e3', TRUE, 'Approved', 1, '391c1b8c-db12-42ff-ad4a-4ea7680243d7', 'd9c6c738-8a60-43de-965f-f1f666da1639'),
('594abee5-01f1-4d18-ab56-8b763b3d7a5a', TRUE, 'Approved', 1, '8e173d92-c346-4fb5-8ef2-490105e19263', 'd9c6c738-8a60-43de-965f-f1f666da1639'),
('defd8879-a9e5-42dc-b558-bb36871e1cbb', TRUE, 'Approved', 1, '7b529f0a-5dc5-46e4-a648-2a7c1c3615f8', 'd9c6c738-8a60-43de-965f-f1f666da1639');

INSERT INTO request_table (request_id, request_team_member_id, request_form_id) VALUES
('45820673-8b88-4d15-a4bf-12d67f140929', 'eb4d3419-b70f-44ba-b88f-c3d983cbcf3b', 'b8408545-4354-47d0-a648-928c6755a94b'),
('280504f9-9739-45b2-a70d-484be2289861', 'eb4d3419-b70f-44ba-b88f-c3d983cbcf3b', 'b8408545-4354-47d0-a648-928c6755a94b'),
('a9315409-9719-40cb-ada2-3f3ee622049b', 'eb4d3419-b70f-44ba-b88f-c3d983cbcf3b', 'b8408545-4354-47d0-a648-928c6755a94b'),
('6d52c8df-1ed6-41cd-920a-827e3eba0abf', 'eb4d3419-b70f-44ba-b88f-c3d983cbcf3b', '337658f1-0777-45f2-853f-b6f20551712e');

INSERT INTO comment_table (comment_id, comment_content, comment_type, comment_team_member_id, comment_request_id) VALUES
('e5d6d43c-cd56-42d2-874f-2cf327a260fd', 'Request 1 Comment 1', 'REQUEST_COMMENT', 'd9c6c738-8a60-43de-965f-f1f666da1639', '45820673-8b88-4d15-a4bf-12d67f140929'),
('62764682-7975-437c-b93c-22b38b2c2ea6', 'Request 1 Comment 2', 'REQUEST_COMMENT', '1e9bb9c7-e4e6-42e4-9377-a33f9b645343', '45820673-8b88-4d15-a4bf-12d67f140929'),
('666b0045-ed3f-453c-b32d-2871143f2430', 'Request 1 Comment 3', 'REQUEST_COMMENT', '390dbc5f-c3ba-4f86-81ca-7cc9746b6e31', '45820673-8b88-4d15-a4bf-12d67f140929'),
('9a30141f-eb3f-4896-8110-a08ab0fcd6bc', 'Request 2 Comment 1', 'REQUEST_COMMENT', 'd9c6c738-8a60-43de-965f-f1f666da1639', '280504f9-9739-45b2-a70d-484be2289861'),
('76ae08e1-0905-4ff7-8d9a-ef03e3ecedab', 'Request 2 Comment 2', 'REQUEST_COMMENT', '1e9bb9c7-e4e6-42e4-9377-a33f9b645343', '280504f9-9739-45b2-a70d-484be2289861'),
('4de364ae-ac61-43e0-822e-dd6bbf9a0946', 'Request 3 Comment 1', 'REQUEST_COMMENT', '390dbc5f-c3ba-4f86-81ca-7cc9746b6e31', 'a9315409-9719-40cb-ada2-3f3ee622049b'),
('6d200a8a-eb47-4ac6-a0b4-ff5d7135d161', 'Request 4 Comment 1', 'REQUEST_COMMENT', 'd9c6c738-8a60-43de-965f-f1f666da1639', '6d52c8df-1ed6-41cd-920a-827e3eba0abf'),
('792e9f15-a8cb-4299-bf8a-7d07bc3a86a4', 'Request 4 Comment 1', 'REQUEST_COMMENT', 'd9c6c738-8a60-43de-965f-f1f666da1639', '6d52c8df-1ed6-41cd-920a-827e3eba0abf');

INSERT INTO request_response_table (request_response_id, request_response, request_response_duplicatable_section_id, request_response_field_id, request_response_request_id) VALUES
('b3a3bb8f-7a30-431f-a55e-b9b5e50bed95', '"Text field response 1"', NULL, '9696114b-9884-4ecf-8000-ab30ecde85aa', '45820673-8b88-4d15-a4bf-12d67f140929'),
('fbc191aa-0fd2-485e-a1c5-9526ab343c94', '"Text area field response 1"', NULL, '04141446-2b59-4d57-a81f-1bcbb5f4d4fd', '45820673-8b88-4d15-a4bf-12d67f140929'),
('fbc87253-44c7-441c-b84a-18e25085c200', '100', NULL, '34568491-4c73-4511-8a3e-babc6a54fdde', '45820673-8b88-4d15-a4bf-12d67f140929'),
('1e9e1cb3-ede1-4831-a9ef-c244043014c6', '"TRUE"', NULL, 'f8ad5957-ed6d-48a9-858e-67127599be43', '45820673-8b88-4d15-a4bf-12d67f140929'),
('19e8c73d-7669-44c0-a43d-1f3eb8c6dea5', '"Dropdown 1"', NULL, 'f6caa6e5-f2f5-4444-b96f-eec55dea2794', '45820673-8b88-4d15-a4bf-12d67f140929'),
('6b686238-b361-4212-8868-17192efac383', '["Multiselect 1","Multiselect 2"]', NULL, '297e382a-34ad-4301-9017-4d8f5eaf9728', '45820673-8b88-4d15-a4bf-12d67f140929'),
('4e7352eb-ed1b-4b1b-bea2-5b22d9e2b12a', '"01/01/23"', NULL, '2d2b787e-4398-4be2-b5b1-b47d78e2db81', '45820673-8b88-4d15-a4bf-12d67f140929'),
('fd856744-4092-493a-9953-3f82a48c5ead', '"11:11"', NULL, 'a217e383-7bb1-4f95-a145-6d37145a4477', '45820673-8b88-4d15-a4bf-12d67f140929'),
-- ('f7688f15-7cb2-4200-8290-546fdeb499b7', '1', NULL, '1b4c7148-faaa-46cd-b361-806e670058e7', '45820673-8b88-4d15-a4bf-12d67f140929'),

('718e01ee-6e6f-446a-be7a-0eb01e9fd192', '"Text field response 2"', NULL, '9696114b-9884-4ecf-8000-ab30ecde85aa', '280504f9-9739-45b2-a70d-484be2289861'),
('7c344881-ac14-4f41-83c9-d4f650455bc5', '"Text area field response 2"', NULL, '04141446-2b59-4d57-a81f-1bcbb5f4d4fd', '280504f9-9739-45b2-a70d-484be2289861'),
('24f9c70d-2253-4669-9184-83ab94562b3b', '200', NULL, '34568491-4c73-4511-8a3e-babc6a54fdde', '280504f9-9739-45b2-a70d-484be2289861'),
('1ccdc673-05ae-4695-bbeb-b38b006b10e7', '"FALSE"', NULL, 'f8ad5957-ed6d-48a9-858e-67127599be43', '280504f9-9739-45b2-a70d-484be2289861'),
('f6876072-68aa-4ac7-999b-9f8f3fd2cb68', '"Dropdown 2"', NULL, 'f6caa6e5-f2f5-4444-b96f-eec55dea2794', '280504f9-9739-45b2-a70d-484be2289861'),
('9db413ca-bc7f-466e-9589-2024db4bf23c', '["Multiselect 3"]', NULL, '297e382a-34ad-4301-9017-4d8f5eaf9728', '280504f9-9739-45b2-a70d-484be2289861'),
('8b2af4a8-1ae8-4b40-8a5d-8a2d002d557d', '"02/02/23"', NULL, '2d2b787e-4398-4be2-b5b1-b47d78e2db81', '280504f9-9739-45b2-a70d-484be2289861'),
('c6f51a20-b1b8-4ba9-9ace-22b6c9d2a0bc', '"2:22"', NULL, 'a217e383-7bb1-4f95-a145-6d37145a4477', '280504f9-9739-45b2-a70d-484be2289861'),
-- ('26a40562-8c51-477e-8a6c-e1dac26fb287', '2', NULL, '1b4c7148-faaa-46cd-b361-806e670058e7', '280504f9-9739-45b2-a70d-484be2289861'),

('19f062da-2940-44b3-b274-9a82aecbe2ef', '"Text field response 3"', NULL, '9696114b-9884-4ecf-8000-ab30ecde85aa', 'a9315409-9719-40cb-ada2-3f3ee622049b'),
('1030658c-8910-408b-ae75-e9c1cf9ee6dd', '"Text area field response 3"', NULL, '04141446-2b59-4d57-a81f-1bcbb5f4d4fd', 'a9315409-9719-40cb-ada2-3f3ee622049b'),
('c51154b7-48a0-4599-aa8d-6dcf69875745', '300', NULL, '34568491-4c73-4511-8a3e-babc6a54fdde', 'a9315409-9719-40cb-ada2-3f3ee622049b'),
('fd466eee-2904-4c63-aa5e-888271e829e3', '"TRUE"', NULL, 'f8ad5957-ed6d-48a9-858e-67127599be43', 'a9315409-9719-40cb-ada2-3f3ee622049b'),
('7bb8ad60-0890-4bb7-bdda-b2c576e6d054', '"Dropdown 3"', NULL, 'f6caa6e5-f2f5-4444-b96f-eec55dea2794', 'a9315409-9719-40cb-ada2-3f3ee622049b'),
('897196fd-9ed9-49e1-a87a-d97eda0bb18a', '["Multiselect 3"]', NULL, '297e382a-34ad-4301-9017-4d8f5eaf9728', 'a9315409-9719-40cb-ada2-3f3ee622049b'),
('e1874b02-fbb0-41f7-a305-ce35c7f270d3', '"03/03/23"', NULL, '2d2b787e-4398-4be2-b5b1-b47d78e2db81', 'a9315409-9719-40cb-ada2-3f3ee622049b'),
('115dd319-1296-443e-a3ca-b04c1a807bea', '"3:33"', NULL, 'a217e383-7bb1-4f95-a145-6d37145a4477', 'a9315409-9719-40cb-ada2-3f3ee622049b'),
-- ('8d5f35a9-3c0d-45e4-83ae-066a1ca3d975', '3', NULL, '1b4c7148-faaa-46cd-b361-806e670058e7', 'a9315409-9719-40cb-ada2-3f3ee622049b'),

('d19a565d-109c-4395-82e7-d75df4dafd92', '"Text field response 1"', '700d6cd5-9691-491e-b02f-2cbd73cb64b6', '253f311c-aca6-401d-be77-696aa67a59d5', '6d52c8df-1ed6-41cd-920a-827e3eba0abf'),
('8f792df5-f4fb-44c3-9d05-d699c0cabd47', '1', '700d6cd5-9691-491e-b02f-2cbd73cb64b6', '570a2b3f-bfb8-490e-a7bb-a8d0e4b512eb', '6d52c8df-1ed6-41cd-920a-827e3eba0abf'),
('566aa4ee-92c1-433a-8dcf-927a35e55e0c', '"TRUE"', '700d6cd5-9691-491e-b02f-2cbd73cb64b6', 'b925b45f-1d3e-4bbc-963b-80c5184702fb', '6d52c8df-1ed6-41cd-920a-827e3eba0abf'),
('5d5b6c20-d96a-49d3-92cb-7d3b82bdc645', '"Dropdown 1"', '700d6cd5-9691-491e-b02f-2cbd73cb64b6', 'f36180e1-ac98-4d56-ba7d-8eef9a71e0d8', '6d52c8df-1ed6-41cd-920a-827e3eba0abf'),

('1dd50817-0793-405f-9aef-a4edc29533b0', '"Text field response 2"', 'ce57791a-48d0-45aa-8ba1-4896f169c8b7', '253f311c-aca6-401d-be77-696aa67a59d5', '6d52c8df-1ed6-41cd-920a-827e3eba0abf'),
('6f9e3117-8a54-4e7f-b52d-a1f01be6e39f', '2', 'ce57791a-48d0-45aa-8ba1-4896f169c8b7', '570a2b3f-bfb8-490e-a7bb-a8d0e4b512eb', '6d52c8df-1ed6-41cd-920a-827e3eba0abf'),
('cb139450-3885-4f73-8755-30f23274f54a', '"FALSE"', 'ce57791a-48d0-45aa-8ba1-4896f169c8b7', 'b925b45f-1d3e-4bbc-963b-80c5184702fb', '6d52c8df-1ed6-41cd-920a-827e3eba0abf'),
('cd28c091-7b66-4213-b028-a4141e30ac5a', '"Dropdown 2"', 'ce57791a-48d0-45aa-8ba1-4896f169c8b7', 'f36180e1-ac98-4d56-ba7d-8eef9a71e0d8', '6d52c8df-1ed6-41cd-920a-827e3eba0abf'),

('fecbf2df-5e64-4c20-8396-f052f753d1d7', '"Text field response 3"', '72d23cc5-72a1-428a-b6ad-33e15810ea5b', '253f311c-aca6-401d-be77-696aa67a59d5', '6d52c8df-1ed6-41cd-920a-827e3eba0abf'),
('02a199d9-5e79-45c4-b8b9-ea25536d8ca8', '3', '72d23cc5-72a1-428a-b6ad-33e15810ea5b', '570a2b3f-bfb8-490e-a7bb-a8d0e4b512eb', '6d52c8df-1ed6-41cd-920a-827e3eba0abf'),
('502098c8-358d-4406-8b60-1f67ef12fc03', '"TRUE"', '72d23cc5-72a1-428a-b6ad-33e15810ea5b', 'b925b45f-1d3e-4bbc-963b-80c5184702fb', '6d52c8df-1ed6-41cd-920a-827e3eba0abf'),
('69e5b5d3-d12e-4548-88c5-1d2fde7bf33f', '"Dropdown 3"', '72d23cc5-72a1-428a-b6ad-33e15810ea5b', 'f36180e1-ac98-4d56-ba7d-8eef9a71e0d8', '6d52c8df-1ed6-41cd-920a-827e3eba0abf'),

('b523400b-cc12-4fc7-8937-ea9f7f7bd930', '"Not duplicatable text response"', NULL, 'd22f6df6-1845-4368-9e1b-7cd22fed7a1e', '6d52c8df-1ed6-41cd-920a-827e3eba0abf'),
('ce555508-5a32-4162-96e8-dbb554ac17ed', '"Dropdown 1"', NULL, '7c53aa9f-ec53-45f1-ba95-0556b07a71ba', '6d52c8df-1ed6-41cd-920a-827e3eba0abf'),
('30c8d27a-84e7-4aec-9c1d-8fd0d77ce2fd', '"01/01/23"', NULL, '3ecfcb90-7fdd-4521-82a3-4fb7daab44c0', '6d52c8df-1ed6-41cd-920a-827e3eba0abf'),

('4adde6bc-7a01-4c40-8ae2-4cebada31a8a', '["Multiselect 1"]', '38f01ebc-dfaa-44aa-b963-04cd57b1cff4', '5ef54cb5-f694-4f4e-aee5-ec228dec1da4', '6d52c8df-1ed6-41cd-920a-827e3eba0abf'),
('7b8b3f73-e53a-4fb7-824e-c05b89ae566b', '"01/01/23"', '38f01ebc-dfaa-44aa-b963-04cd57b1cff4', '1f9366fb-b89b-4d41-9a0e-e0264c422f17', '6d52c8df-1ed6-41cd-920a-827e3eba0abf'),
('833d72b4-32b8-45f3-8e93-fdd7bfe8997b', '"11:11"', '38f01ebc-dfaa-44aa-b963-04cd57b1cff4', '0b4a3e53-629a-49d8-80e6-bfe1f31c0510', '6d52c8df-1ed6-41cd-920a-827e3eba0abf');
-- ('18d9fa34-95c0-4b10-82b3-695e095153b2', '5', '38f01ebc-dfaa-44aa-b963-04cd57b1cff4', '5ed0f5c1-a97d-465b-ade4-758a5ae351a2', '6d52c8df-1ed6-41cd-920a-827e3eba0abf');

INSERT INTO request_signer_table (request_signer_id, request_signer_status, request_signer_request_id, request_signer_signer_id) VALUES
('a28e7cab-a4f1-4b65-903b-15ddd3fbac85', 'PENDING', '45820673-8b88-4d15-a4bf-12d67f140929', 'dd0149ad-9a49-4480-b7fa-62b55df3134e'),
('2782ebc2-8498-40e5-9100-d163827f0f49', 'PENDING', '280504f9-9739-45b2-a70d-484be2289861', 'dd0149ad-9a49-4480-b7fa-62b55df3134e'),
('8c1ce26f-058b-423b-8a4d-6043590091f2', 'PENDING', 'a9315409-9719-40cb-ada2-3f3ee622049b', 'dd0149ad-9a49-4480-b7fa-62b55df3134e'),

('73fac67e-7bf5-48b4-a272-53163830689c', 'PENDING', '6d52c8df-1ed6-41cd-920a-827e3eba0abf', 'b7115738-8089-4e68-ac94-76ce6d0452f5'),
('6b3ab922-2556-4c06-ac1f-4a11b8a58a05', 'PENDING', '6d52c8df-1ed6-41cd-920a-827e3eba0abf', '7d0781fe-eb57-4225-858d-abb6b93357c7');

INSERT INTO invitation_table (invitation_id, invitation_to_email, invitation_from_team_member_id) VALUES
('01c5621b-7442-4ae3-809b-b09697bdbbeb', 'janedoe@gmail.com', 'eb4d3419-b70f-44ba-b88f-c3d983cbcf3b'),
('f0b53ba1-e6cf-4074-b362-c0bca03e748d', 'loremipsum@gmail.com', 'eb4d3419-b70f-44ba-b88f-c3d983cbcf3b'),
('80176876-068c-4b7f-b143-e41f78fd16c9', 'dolorsit@gmail.com', 'eb4d3419-b70f-44ba-b88f-c3d983cbcf3b');

INSERT INTO notification_table (notification_id, notification_content, notification_is_read, notification_redirect_url, notification_type, notification_app, notification_team_id, notification_user_id) VALUES
('9aeefd48-41b1-4eb3-aeec-8858cec974a5', 'Test notification invite', TRUE, '/', 'INVITE', 'GENERAL', NULL, '84a8ede4-6d92-4a78-8c5b-a28a81cf1023'),
('08df0d02-13e0-49f2-9bae-9ca9d6b25161', 'Test notification request', TRUE, '/', 'REQUEST', 'REQUEST', 'a5a28977-6956-45c1-a624-b9e90911502e', '48ae7bbd-1510-4615-bdcb-973b3863fe40'),
('f5caeebf-8158-450a-88da-d7a098155a14', 'Test notification approve', TRUE, '/', 'APPROVE', 'REQUEST', 'a5a28977-6956-45c1-a624-b9e90911502e', '48ae7bbd-1510-4615-bdcb-973b3863fe40'),
('84b561a3-2a15-4c2d-b681-dc70e0695b50', 'Test notification reject', TRUE, '/', 'REJECT', 'REQUEST', 'a5a28977-6956-45c1-a624-b9e90911502e', '48ae7bbd-1510-4615-bdcb-973b3863fe40'),
('fd0a8148-59b2-49e1-8cb7-fd9210433040', 'Test notification comment', TRUE, '/', 'COMMENT', 'REQUEST', 'a5a28977-6956-45c1-a624-b9e90911502e', '48ae7bbd-1510-4615-bdcb-973b3863fe40');

INSERT INTO query_table (query_name, query_sql) VALUES
('Request average time from creation to resolved', 'SELECT team_project_name, AVG(request_status_date_updated-request_date_created) AS average_time_to_update FROM request_table AS rt JOIN team_project_table AS tpt ON rt.request_project_id = tpt.team_project_id WHERE request_status_date_updated IS NOT NULL GROUP BY team_project_name;'),
('Stale requests by project', 'SELECT team_project_name, COUNT(*) AS number_of_stale_requests FROM request_table AS rt JOIN team_project_table AS tpt ON rt.request_project_id = tpt.team_project_id WHERE request_status_date_updated IS NULL GROUP BY team_project_name;');

INSERT INTO form_sla_table (form_sla_hours, form_sla_form_id, form_sla_team_id) VALUES
(0,'7368a23b-601a-4ce8-adea-30b0cb483ab2', 'a5a28977-6956-45c1-a624-b9e90911502e'),
(0,'800723d3-a164-4063-9e18-5fff651a96f8', 'a5a28977-6956-45c1-a624-b9e90911502e'),
(0,'337658f1-0777-45f2-853f-b6f20551712e', 'a5a28977-6956-45c1-a624-b9e90911502e'),
(0,'d13b3b0f-14df-4277-b6c1-7c80f7e7a829', 'a5a28977-6956-45c1-a624-b9e90911502e'),
(0,'b8408545-4354-47d0-a648-928c6755a94b', 'a5a28977-6956-45c1-a624-b9e90911502e');

-- (0,'e5062660-9026-4629-bc2c-633826fdaa24', 'a5a28977-6956-45c1-a624-b9e90911502e'),
-- (0,'a732196f-9779-45e2-85fa-7320397e5b0a', 'a5a28977-6956-45c1-a624-b9e90911502e'),
-- (0,'5782d70a-5f6b-486c-a77f-401066afd005', 'a5a28977-6956-45c1-a624-b9e90911502e'),
-- (0,'391c1b8c-db12-42ff-ad4a-4ea7680243d7', 'a5a28977-6956-45c1-a624-b9e90911502e'),
-- (0,'8e173d92-c346-4fb5-8ef2-490105e19263', 'a5a28977-6956-45c1-a624-b9e90911502e'),
-- (0,'7b529f0a-5dc5-46e4-a648-2a7c1c3615f8', 'a5a28977-6956-45c1-a624-b9e90911502e');